{
    "Adagrad-Norm": {
        "b0": 0.33999122847110275,
        "eta": 0.9954518913247333
    },
    "Adam": {
        "alpha": 0.002213165890881288,
        "beta1": 0.9241423503890107,
        "beta2": 0.9934642439790442,
        "epsilon": 1.6129459988505686e-08
    }
}