{"Adam": {"best_params": {"alpha": 1.743913683140948e-08, "beta1": 0.9786841817966259, "beta2": 0.9271043934375948}, "best_value": 2.042044387695669e-05}, "AdaGrad_Norm": {"best_params": {"eta": 0.07021978906977691, "b0": 0.3895498225109433}, "best_value": 1.0363644648294846e-09}}